{
    "partials": {

        "menu": {
            "label": "Menu"
        },
        
        "pagination": {
            "readOtherPosts": "Read other posts",
            "prev": "Previous",
            "next": "Next"
        },
        
        "shareButtons": {
            "shareWithFacebook": "Facebook",
            "shareWithTwitter": "Twitter",
            "shareWithPinterest": "Pinterest",
            "shareWithMix": "Mix",
            "shareWithLinkedIn": "LinkedIn",
            "shareWithBuffer": "Buffer",
            "shareWithWhatsApp": "WhatsApp"
        }

    },
    
    "post": {
        "readMore": "Read more",
        "lastUpdatedDate": "This article was updated on",
        "comments": "Comments"
    },

    "page": {
        "childPages": "Child pages"
    },

    "tag": {
        "postFor": "Post for:",
        "post": {
            "1": "Post",
            "default": "Posts"
        }
    },
    
    "tags": {
        "tagsPageTitle": "Collection of all tags",
        "tags": {
            "1": "Tag",
            "default": "Tags"
        },
        "post": {
            "1": "Post",
            "default": "Posts"
        }
    },

    "author": {
        "visitWebsite": "Visit website",
        "post": {
            "1": "Post",
            "default": "Posts"
        }
    },

    "error": {
        "404": "404",
        "message-1": "Page not found",
        "message-2": "The page you were looking for appears to have been moved, deleted or does not exist. You could go back to where you were or head straight to our home page.",
        "button": "Go home"
    }
}
