{
	"partials": {
		"cookiebar": {
			"close": "Close"
		},
		"disqus": {
			"noscript1": "Please enable JavaScript to view the",
			"noscript2": "comments powered by Disqus."
		},
		"menu": {
			"label": "Menu"
		},
		"pagination": {
			"prev": "Previous",
			"next": "Next"
		},
		"shareButtons": {
			"shareWithFacebook": "Share with Facebook",
			"shareWithTwitter": "Share with Twitter",
			"shareWithGooglePlus": "Share with Google Plus",
			"shareWithPinterest": "Share with Pinterest",
			"shareWithMix": "Share with Mix",
			"shareWithLinkedIn": "Share with LinkedIn",
			"shareWithBuffer": "Share with Buffer"
		}
	},
	"slider": {
		"button": "View project",
		"slide": "Slide %s" 
	},
	"post": {
		"publishedBy": "By",
		"publishedOn": "Published on",
		"previousPost": "Previous Post",
		"nextPost": "Next Post"
	},
	"common": {
		"readmore": "View more",
        "notRefresh": "Do not refresh the page"
	},
	"error": {
		"404": "404",			
		"message": "The page you were looking for appears to have been moved, deleted or does not exist. You could go back to where you were or head straight to our home page."
	},
	"search": {
		"placeholder": "search...",
        "title": "Search"
    }
}
