{
	"partials": {

		"menu": {
			"menu": "Menu"
		},

		"pagination": {
			"prev": "Previous",
			"next": "Next"
		},

		"shareButtons": {
			"shareWithFacebook": "Share with Facebook",
			"shareWithTwitter": "Share with Twitter",
			"shareWithPinterest": "Share with Pinterest",
			"shareWithMix": "Share with Mix",
			"shareWithLinkedIn": "Share with LinkedIn",
			"shareWithBuffer": "Share with Buffer",
			"shareWithWhatsapp": "Share with WhatsApp"
		}
	},

	"post": {
        "publishedBy": "Published by",
		"publishedOn": "Published on",
		"share": "Share this: ",
		"tags": "Tags: ",
		"viewAuthorPosts": "View all posts",
		"readMore": "Read more",
		"relatedPosts": "Related posts",
		"lastUpdatedDate": "This article was updated on",
		"comments": "Comments",
		"previousPost": "Previous Post",
		"nextPost": "Next Post"
	},

	"page": {
		"childPages": "Child pages"
  },
	
	"listing": {
		"post": {
			"1": "post",
			"default": "posts"
		},
		"featuredPost": "Featured"
	},

	"tags": {
		"tags": {
			"1": "tag",
			"default": "tags"
		},
		"tagsPageTitle": "Tags",
		"description": "Collection of all tags"
   },

   "author": {
		"visitWebsite": "Visit website"
   },

	"newsletter": {
		"subscribe": "Subscribe",
		"description": "Get the latest QF news, updates and more delivered<br /> directly to your email inbox"
	},

	"error": {
		"404": "404",
		"message": " The page you were looking for appears to have been moved, deleted or does not exist. You could go back to where you were or head straight to our home page.",
		"button": "Go home"
	},

	"search": {
		"placeholder": "search...",
        "title": "Search",
		"close": "Close"
    }
}
